Cluster,CustomerID,Gender,Age,Annual Income (k$),Spending Score (1-100)
0,1861.6764705882354,1.0,67.23529411764706,108.10588235294118,5.485294117647059
1,1442.2391857506361,0.0,34.01272264631043,47.74910941475827,49.536895674300254
2,1438.3799126637555,1.0,41.41048034934498,66.19388646288209,40.12663755458515
3,1777.679487179487,0.0,62.833333333333336,101.98589743589743,10.128205128205128
4,1457.2757009345794,1.0,27.72897196261682,33.01401869158879,56.154205607476634
