Features,Silhouette Score
All features,0.45895672606458876
No Gender,0.3533307600350101
No Age,0.47363523886584846
Income + Spending,0.35374964532033915
Gender + Spending,0.5781116730079937
Gender + Age,0.6029009376358618
Age + Income,0.43918670441223945
