Cluster,age,gender,income,purchase_amount,promotion_usage,satisfaction_score
0,29.88445807770961,0.5265848670756647,27477.969325153375,9673.852760736196,0.3128834355828221,5.060327198364008
1,30.028178463602817,0.5068768869506877,27413.10432740691,9634.050318685006,0.30996309963099633,5.02079838980208
2,29.955636484025824,0.5024002648568118,27882.269491805993,9751.770236715776,0.2992881973183248,5.019202118854494
