Cluster,age,gender,income,purchase_amount,promotion_usage,satisfaction_score
0,29.949795081967213,0.4900956284153005,16479.121584699453,5779.828210382514,0.2896174863387978,5.011612021857924
1,30.04441360166551,0.5003469812630118,38899.28868841082,13653.518390006939,0.3046495489243581,5.0242886884108255
2,29.96113074204947,0.5139736588499839,38607.74879537424,13487.666880822359,0.30838419530999034,5.026341150016061
3,30.01298701298701,0.512987012987013,16665.317532467532,5872.976623376623,0.31493506493506496,5.017532467532468
4,29.88445807770961,0.5265848670756647,27477.969325153375,9673.852760736196,0.3128834355828221,5.060327198364008
